Workbook

Sheet Data
A1: Year | B1: Return (%)
A2: 1 | B2: -22.1
A3: 2 | B3: 28.7
A4: 3 | B4: 10.9
A5: 4 | B5: 4.9
A6: 5 | B6: 15.8
A7: 6 | B7: 5.5
A8: 7 | B8: -37
A9: 8 | B9: 26.5
A10: 9 | B10: 15.1
A11: 10 | B11: 2.1

Sheet 01 Returns and Growth
A1: Week 3: Returns and Compound Growth
A3: Arithmetic mean return | B3: =AVERAGE(Data!$B$2:$B$11)/100 -> 0.0504
A4: Geometric mean return | B4: =GEOMEAN(C10:C19)-1 -> 0.029275463
A5: Ending value of $100 | B5: =D19 -> 133.44927
A9: Year | B9: Return (%) | C9: Growth factor | D9: Value of $100
A10: =Data!A2 -> 1 | B10: =Data!B2 -> -22.1 | C10: =1+B10/100 -> 0.779 | D10: =100*C10 -> 77.9
A11: =Data!A3 -> 2 | B11: =Data!B3 -> 28.7 | C11: =1+B11/100 -> 1.287 | D11: =D10*C11 -> 100.2573
A12: =Data!A4 -> 3 | B12: =Data!B4 -> 10.9 | C12: =1+B12/100 -> 1.109 | D12: =D11*C12 -> 111.18535
A13: =Data!A5 -> 4 | B13: =Data!B5 -> 4.9 | C13: =1+B13/100 -> 1.049 | D13: =D12*C13 -> 116.63343
A14: =Data!A6 -> 5 | B14: =Data!B6 -> 15.8 | C14: =1+B14/100 -> 1.158 | D14: =D13*C14 -> 135.06151
A15: =Data!A7 -> 6 | B15: =Data!B7 -> 5.5 | C15: =1+B15/100 -> 1.055 | D15: =D14*C15 -> 142.48989
A16: =Data!A8 -> 7 | B16: =Data!B8 -> -37 | C16: =1+B16/100 -> 0.63 | D16: =D15*C16 -> 89.768632
A17: =Data!A9 -> 8 | B17: =Data!B9 -> 26.5 | C17: =1+B17/100 -> 1.265 | D17: =D16*C17 -> 113.55732
A18: =Data!A10 -> 9 | B18: =Data!B10 -> 15.1 | C18: =1+B18/100 -> 1.151 | D18: =D17*C18 -> 130.70447
A19: =Data!A11 -> 10 | B19: =Data!B11 -> 2.1 | C19: =1+B19/100 -> 1.021 | D19: =D18*C19 -> 133.44927
A23: How to recreate this output in Excel
A24: 1. Use Year and Return (%) from the Data sheet.
A25: 2. In C10, enter =1+B10/100 and fill down to convert each percentage return into a growth factor.
A26: 3. In D10, enter =100*C10. In D11, enter =D10*C11 and fill down through the final year.
A27: 4. In B3, enter =AVERAGE(Data!B2:B11)/100 and format it as Percentage with two decimal places. The result is 5.04%.
A28: 5. Calculate the geometric mean with =GEOMEAN(C10:C19)-1 and format the result as a percentage.
A29: 6. Select Year and Value of $100, then choose Insert, Line Chart, Line with Markers.

Sheet 02 Return Summary
A1: Week 3: Mutual Fund Return Summary
A3: Measure | B3: Value
A4: Observations | B4: =COUNT(Data!$B$2:$B$11) -> 10
A5: Arithmetic mean | B5: =AVERAGE(Data!$B$2:$B$11) -> 5.04
A6: Geometric mean | B6: =(GEOMEAN('01 Returns and Growth'!C10:C19)-1)*100 -> 2.9275463
A7: Median | B7: =MEDIAN(Data!$B$2:$B$11) -> 8.2
A8: Minimum | B8: =MIN(Data!$B$2:$B$11) -> -37
A9: Maximum | B9: =MAX(Data!$B$2:$B$11) -> 28.7
A10: Range | B10: =B9-B8 -> 65.7
A11: Q1 | B11: =_xlfn.PERCENTILE.EXC(Data!$B$2:$B$11,0.25) -> -3.95
A12: Q3 | B12: =_xlfn.PERCENTILE.EXC(Data!$B$2:$B$11,0.75) -> 18.475
A13: IQR | B13: =B12-B11 -> 22.425
A14: Sample variance | B14: =_xlfn.VAR.S(Data!$B$2:$B$11) -> 420.496
A15: Sample standard deviation | B15: =_xlfn.STDEV.S(Data!$B$2:$B$11) -> 20.505999
A16: Adjusted sample skewness | B16: =SKEW(Data!$B$2:$B$11) -> -1.1069484
A17: Adjusted excess kurtosis | B17: =KURT(Data!$B$2:$B$11) -> 0.86532447
A19: pp = percentage points; variance is in squared percentage points.
A21: How to recreate this output in Excel
A22: 1. Use Return (%) in Data!B2:B11. Values are already in percent units. For return cells, use Custom format 0.00"%", not Percentage.
A23: 2. Use AVERAGE, MEDIAN, MIN, MAX, VAR.S, STDEV.S, SKEW, and KURT on Data!B2:B11 for the corresponding measures.
A24: 3. Calculate range as MAX-MIN. Use =PERCENTILE.EXC(Data!B2:B11,0.25) for Q1 and 0.75 for Q3; IQR=Q3-Q1.
A25: 4. In B6, enter =(GEOMEAN('01 Returns and Growth'!C10:C19)-1)*100. This sheet stores returns in percent units, like Data: 2.93 means 2.93%.
A26: 5. Read the measures as a group. The arithmetic mean describes a typical one-period return, while the geometric mean describes compound growth.

Sheet 03 Outlier Review
A1: Week 3: Mutual Fund Outlier Review
A3: Mean | B3: =AVERAGE(Data!$B$2:$B$11) -> 5.04
A4: Sample standard deviation | B4: =_xlfn.STDEV.S(Data!$B$2:$B$11) -> 20.505999
A5: Lower IQR fence | B5: ='02 Return Summary'!B11-1.5*'02 Return Summary'!B13 -> -37.5875
A6: Upper IQR fence | B6: ='02 Return Summary'!B12+1.5*'02 Return Summary'!B13 -> 52.1125
A7: IQR flags | B7: =COUNTIF(D12:D21,"Flag") -> 0
A8: |z| > 3 flags | B8: =COUNTIF(E12:E21,"Flag") -> 0
A11: Year | B11: Return (%) | C11: z-score | D11: IQR rule | E11: |z| > 3 rule
A12: =Data!A2 -> 1 | B12: =Data!B2 -> -22.1 | C12: =(B12-$B$3)/$B$4 -> -1.3235151 | D12: =IF(OR(B12<$B$5,B12>$B$6),"Flag","") | E12: =IF(ABS(C12)>3,"Flag","")
A13: =Data!A3 -> 2 | B13: =Data!B3 -> 28.7 | C13: =(B13-$B$3)/$B$4 -> 1.1538087 | D13: =IF(OR(B13<$B$5,B13>$B$6),"Flag","") | E13: =IF(ABS(C13)>3,"Flag","")
A14: =Data!A4 -> 3 | B14: =Data!B4 -> 10.9 | C14: =(B14-$B$3)/$B$4 -> 0.28577003 | D14: =IF(OR(B14<$B$5,B14>$B$6),"Flag","") | E14: =IF(ABS(C14)>3,"Flag","")
A15: =Data!A5 -> 4 | B15: =Data!B5 -> 4.9 | C15: =(B15-$B$3)/$B$4 -> -0.0068272704 | D15: =IF(OR(B15<$B$5,B15>$B$6),"Flag","") | E15: =IF(ABS(C15)>3,"Flag","")
A16: =Data!A6 -> 5 | B16: =Data!B6 -> 15.8 | C16: =(B16-$B$3)/$B$4 -> 0.52472449 | D16: =IF(OR(B16<$B$5,B16>$B$6),"Flag","") | E16: =IF(ABS(C16)>3,"Flag","")
A17: =Data!A7 -> 6 | B17: =Data!B7 -> 5.5 | C17: =(B17-$B$3)/$B$4 -> 0.02243246 | D17: =IF(OR(B17<$B$5,B17>$B$6),"Flag","") | E17: =IF(ABS(C17)>3,"Flag","")
A18: =Data!A8 -> 7 | B18: =Data!B8 -> -37 | C18: =(B18-$B$3)/$B$4 -> -2.0501318 | D18: =IF(OR(B18<$B$5,B18>$B$6),"Flag","") | E18: =IF(ABS(C18)>3,"Flag","")
A19: =Data!A9 -> 8 | B19: =Data!B9 -> 26.5 | C19: =(B19-$B$3)/$B$4 -> 1.046523 | D19: =IF(OR(B19<$B$5,B19>$B$6),"Flag","") | E19: =IF(ABS(C19)>3,"Flag","")
A20: =Data!A10 -> 9 | B20: =Data!B10 -> 15.1 | C20: =(B20-$B$3)/$B$4 -> 0.49058814 | D20: =IF(OR(B20<$B$5,B20>$B$6),"Flag","") | E20: =IF(ABS(C20)>3,"Flag","")
A21: =Data!A11 -> 10 | B21: =Data!B11 -> 2.1 | C21: =(B21-$B$3)/$B$4 -> -0.14337268 | D21: =IF(OR(B21<$B$5,B21>$B$6),"Flag","") | E21: =IF(ABS(C21)>3,"Flag","")
A24: How to recreate this output in Excel
A25: 1. Use Year and Return (%) from the Data sheet.
A26: 2. Calculate the mean and sample standard deviation, then compute each z-score as (return-mean)/sample standard deviation.
A27: 3. Calculate Q1, Q3, IQR, and the two IQR fences.
A28: 4. Flag a return under the IQR rule when it is below the lower fence or above the upper fence.
A29: 5. Flag a return under the z-score rule when ABS(z)>3. A flagged year requires investigation, not automatic removal.
